CUSTOMER_ID,CUSTOMER_FIRST_NAME,CUSTOMER_LAST_NAME,CUSTOMER_PREFERRED_CUST_FLAG
AAAAAAAALDGBJBDA,Sherry,Dillon,N
AAAAAAAAHGEECFAA,Robert,Spencer,N
AAAAAAAAIMGHNKAA,Nellie,Adams,Y
AAAAAAAAOLHKPLDA,,Long,Y
AAAAAAAAHCNGNFBA,Zelma,Hayes,N
AAAAAAAADDEJNHAA,Johnson,Baughman,Y
AAAAAAAANIEBEKDA,Daniel,Hamilton,N
AAAAAAAABLMNJIBA,Leona,Gutierrez,N
AAAAAAAAMEKIMLBA,Heather,Thompson,N
AAAAAAAAHCBGAFCA,Forrest,Williams,N
AAAAAAAANPPKHEAA,Angela,Foster,Y
AAAAAAAAFJIFIHDA,Norma,Grant,Y
AAAAAAAAKDDKMCBA,Katherine,Boudreau,N
AAAAAAAAOCPOPBAA,Alma,Schultz,Y
AAAAAAAAOIBGOABA,Jacqueline,Joseph,Y
AAAAAAAAEAAHGCDA,Billy,Walker,Y
AAAAAAAAHFOIAPCA,Nancy,Wong,Y
AAAAAAAAPFPMFFAA,Kurt,Seymour,N
AAAAAAAAPANBLBAA,Laura,Roller,N
AAAAAAAADPACGEAA,John,Bowman,N
AAAAAAAACALODPBA,,Messer,N
AAAAAAAAMLPHCDAA,James,Hansen,N
AAAAAAAANMACHCBA,Kimberly,Spaulding,Y
AAAAAAAAJDFFANBA,Wayne,Pagan,N
AAAAAAAAFFOPNHCA,Ned,Conn,Y
AAAAAAAAFBPJCABA,Rafael,Carr,Y
AAAAAAAAGEKIIGDA,Olive,Delaney,N
AAAAAAAALEEIFECA,Alfonso,Martin,Y
AAAAAAAALGGKKEDA,Hazel,Hitt,N
AAAAAAAAPGAKANDA,Geoffrey,Powell,N
AAAAAAAAMGCNANDA,Christopher,Aldridge,Y
AAAAAAAAFAICHICA,Rosa,Williams,N
AAAAAAAAACCNCJAA,John,Nunez,Y
AAAAAAAAGNLCBCCA,Daniel,Martinez,N
AAAAAAAALIMDCKDA,James,Scruggs,Y
AAAAAAAACOGFGGCA,Harold,Johnson,Y
AAAAAAAAKOFIFJDA,Willa,Samuels,N
AAAAAAAAEINPMCAA,,Frazier,
AAAAAAAAJGELOEBA,Lisa,Harris,Y
AAAAAAAAKJOEFOBA,Timothy,Howard,Y
AAAAAAAAOCPKAKBA,Daniel,Thompson,Y
AAAAAAAADJPAFOBA,Sara,Cox,N
AAAAAAAAJMLEGJBA,Paul,Gilbert,N
AAAAAAAAGFKJALDA,David,Rush,Y
AAAAAAAACFHKNBAA,Deena,Sandberg,Y
AAAAAAAAFFEIFHCA,Eugene,Skaggs,N
AAAAAAAAHKJMHCBA,Teri,Goetz,Y
AAAAAAAAAIOOAPBA,Kimberly,Willett,Y
AAAAAAAAJNNCGICA,Alex,Perry,Y
AAAAAAAAACOJAGAA,Edward,Rodgers,N
AAAAAAAAJDADMLAA,Lorraine,Gomez,N
AAAAAAAAPFMHCGDA,Gerald,Harper,N
AAAAAAAACKMLLDDA,John,Espinosa,N
AAAAAAAAHNMCJDCA,Johnnie,Boyce,N
AAAAAAAAEFOAEMCA,Kevin,Johnson,Y
AAAAAAAAJOFKPCDA,Betty,Bowles,N
AAAAAAAAEHOKMCCA,Jessica,Omalley,Y
AAAAAAAALBFOIFDA,Judith,Tilley,N
AAAAAAAACBFPAJCA,Thomas,Drayton,Y
AAAAAAAAKFPEAKAA,Lori,West,N
AAAAAAAANOEEBBCA,Angela,Johnston,Y
AAAAAAAABEKOGNCA,Luther,Shores,Y
AAAAAAAACLCNLIBA,Nadine,Sewell,Y
AAAAAAAAEPHIKHDA,Robert,Moore,Y
AAAAAAAAPEMKBMCA,Esperanza,Pina,N
AAAAAAAADGPMIFAA,Carrie,Swartz,Y
AAAAAAAAJBJFOPCA,Maryellen,Nelson,N
AAAAAAAALGPCDKCA,Elizabeth,Trevino,N
AAAAAAAAHGEGHECA,Tiffany,Stevens,Y
AAAAAAAABAECDCAA,Ellen,Bird,
AAAAAAAAJLOJIBCA,Mary,Potter,Y
AAAAAAAAKHDGNPBA,Mark,Turner,N
AAAAAAAADLDHCFDA,Richard,Valdez,N
AAAAAAAAICNDMMBA,Evelyn,Guerra,N
AAAAAAAALNNHNHBA,Joseph,Peterson,Y
AAAAAAAAHKPMELCA,James,Brown,N
AAAAAAAADCHIAKAA,Kimberly,Driver,N
AAAAAAAAKOADIMAA,Carol,Fischer,N
AAAAAAAAJCDPKEAA,Gloria,Martinez,Y
AAAAAAAAENLDOEAA,,,
AAAAAAAAFGLFKBCA,Kathryn,Johnson,Y
AAAAAAAACAAFIBDA,Robert,Myers,N
AAAAAAAAEOALDAAA,Julianne,Myles,Y
AAAAAAAAHLAHGDDA,Daniel,Velazquez,N
AAAAAAAAMBOCGNCA,Dorothy,Sprague,N
AAAAAAAAFCNBHCBA,Joseph,Reed,N
AAAAAAAAGFMBAAAA,Donna,Boren,N
AAAAAAAAEHBFNDCA,Pamela,Dixon,N
AAAAAAAAPCFBJDAA,William,Jackson,N
AAAAAAAAPDOAFNCA,Robert,Spencer,Y
AAAAAAAANEKOMBBA,Ellen,Polk,Y
AAAAAAAAIECPNMCA,Edward,Ordonez,Y
AAAAAAAAIPEJFIBA,Austin,Sumpter,Y
AAAAAAAAGBMLIMAA,Jeff,Stephenson,N
AAAAAAAABJCGKICA,Krystyna,Beall,N
AAAAAAAAHIHGKJAA,Dalia,Taylor,N
AAAAAAAAHDPMIIAA,Denise,Tyler,Y
AAAAAAAAEDIMKHCA,Kari,Ostrander,N
AAAAAAAALHFOOKCA,Ralph,Holcomb,Y
AAAAAAAAOBGOGJDA,Eileen,Martinez,Y
